Rk,Player,Tm,Age,Pos,G,GS,Tgt,Rec,Ctch%,Ydsâ–¼,Y/R,TD,1D,Succ%,Lng,Y/Tgt,R/G,Y/G,Fmb,Player-additional
1,Stefon Diggs*+,BUF,27,WR,16,15,166,127,76.5%,1535,12.1,8,73,65.1,55,9.2,7.9,95.9,0,DiggSt00
2,Travis Kelce*+,KAN,31,TE,15,15,145,105,72.4%,1416,13.5,11,79,66.2,45,9.8,7.0,94.4,1,KelcTr00
3,DeAndre Hopkins*,ARI,28,WR,16,16,160,115,71.9%,1407,12.2,6,75,58.1,60,8.8,7.2,87.9,3,HopkDe00
4,Justin Jefferson*,MIN,21,WR,16,14,125,88,70.4%,1400,15.9,7,58,61.6,71,11.2,5.5,87.5,1,JeffJu00
5,Davante Adams*+,GNB,28,WR,14,14,149,115,77.2%,1374,11.9,18,73,65.1,56,9.2,8.2,98.1,1,AdamDa01
6,Calvin Ridley,ATL,26,WR,15,15,143,90,62.9%,1374,15.3,9,65,56.6,63,9.6,6.0,91.6,1,RidlCa00
7,D.K. Metcalf*,SEA,23,WR,16,16,129,83,64.3%,1303,15.7,10,63,58.1,62,10.1,5.2,81.4,1,MetcDK00
8,Tyreek Hill*+,KAN,26,WR,15,15,135,87,64.4%,1276,14.7,15,57,57.8,75,9.5,5.8,85.1,1,HillTy00
9,Allen Robinson,CHI,27,WR,16,16,151,102,67.5%,1250,12.3,6,68,58.3,42,8.3,6.4,78.1,0,RobiAl02
10,Darren Waller*,LVR,28,TE,16,15,145,107,73.8%,1196,11.2,9,68,62.8,38,8.2,6.7,74.8,2,WallDa01
11,D.J. Moore,CAR,23,WR,15,14,118,66,55.9%,1193,18.1,4,53,52.5,74,10.1,4.4,79.5,0,MoorD.00
12,Brandin Cooks,HOU,27,WR,15,15,119,81,68.1%,1150,14.2,6,51,61.3,57,9.7,5.4,76.7,0,CookBr00
13,Terry McLaurin,WAS,25,WR,15,15,134,87,64.9%,1118,12.9,4,51,50.0,68,8.3,5.8,74.5,1,McLaTe00
14,Amari Cooper,DAL,26,WR,16,15,130,92,70.8%,1114,12.1,5,54,63.1,69,8.6,5.8,69.6,0,CoopAm00
15,Robbie Chosen,CAR,27,WR,16,16,136,95,69.9%,1096,11.5,3,49,50.0,75,8.1,5.9,68.5,1,AndeRo04
16,A.J. Brown*,TEN,23,WR,14,12,106,70,66.0%,1075,15.4,11,55,61.3,73,10.1,5.0,76.8,2,BrowAJ00
17,Tyler Lockett,SEA,28,WR,16,16,132,100,75.8%,1054,10.5,10,57,68.9,47,8.0,6.3,65.9,1,LockTy00
18,Mike Evans,TAM,27,WR,16,16,109,70,64.2%,1006,14.4,13,55,58.7,50,9.2,4.4,62.9,0,EvanMi00
19,Keenan Allen*,LAC,28,WR,14,13,147,100,68.0%,992,9.9,8,61,53.7,28,6.7,7.1,70.9,3,AlleKe00
20,Corey Davis,TEN,25,WR,14,12,92,65,70.7%,984,15.1,5,49,63.0,75,10.7,4.6,70.3,1,DaviCo03
21,Marvin Jones,DET,30,WR,16,16,115,76,66.1%,978,12.9,9,52,60.0,43,8.5,4.8,61.1,0,JoneMa02
22,Cooper Kupp,LAR,27,WR,15,12,124,92,74.2%,974,10.6,3,45,59.7,55,7.9,6.1,64.9,1,KuppCo00
23,Cole Beasley,BUF,31,WR,15,10,107,82,76.6%,967,11.8,4,53,68.2,35,9.0,5.5,64.5,0,BeasCo00
24,Robert Woods,LAR,28,WR,16,16,129,90,69.8%,936,10.4,6,46,55.0,56,7.3,5.6,58.5,2,WoodRo02
25,CeeDee Lamb,DAL,21,WR,16,14,111,74,66.7%,935,12.6,5,46,51.4,52,8.4,4.6,58.4,2,LambCe00
26,Adam Thielen,MIN,30,WR,15,15,108,74,68.5%,925,12.5,14,52,62.0,51,8.6,4.9,61.7,0,ThieAd00
27,Diontae Johnson,PIT,24,WR,15,13,144,88,61.1%,923,10.5,7,45,47.2,47,6.4,5.9,61.5,2,JohnDi01
28,Tee Higgins,CIN,21,WR,16,14,108,67,62.0%,908,13.6,6,52,55.6,67,8.4,4.2,56.8,1,HiggTe00
29,Nelson Agholor,LVR,27,WR,16,13,82,48,58.5%,896,18.7,8,37,53.7,85,10.9,3.0,56.0,0,AghoNe00
30,Will Fuller,HOU,26,WR,11,11,75,53,70.7%,879,16.6,8,38,65.3,77,11.7,4.8,79.9,0,FullWi01
31,Chase Claypool,PIT,22,WR,16,6,109,62,56.9%,873,14.1,9,41,48.6,84,8.0,3.9,54.6,3,ClayCh01
32,Jerry Jeudy,DEN,21,WR,16,14,113,52,46.0%,856,16.5,3,39,36.3,92,7.6,3.3,53.5,2,JeudJe00
33,Curtis Samuel,CAR,24,WR,15,5,97,77,79.4%,851,11.1,3,39,53.6,44,8.8,5.1,56.7,1,SamuCu00
34,Michael Gallup,DAL,24,WR,16,15,105,59,56.2%,843,14.3,5,44,47.6,55,8.0,3.7,52.7,0,GallMi00
35,Tyler Boyd,CIN,26,WR,15,8,110,79,71.8%,841,10.6,4,43,57.3,72,7.6,5.3,56.1,1,BoydTy00
36,Jarvis Landry,CLE,28,WR,15,14,101,72,71.3%,840,11.7,3,46,60.4,32,8.3,4.8,56.0,2,LandJa00
37,Chris Godwin,TAM,24,WR,12,12,84,65,77.4%,840,12.9,7,43,64.3,47,10.0,5.4,70.0,1,GodwCh00
38,JuJu Smith-Schuster,PIT,24,WR,16,14,128,97,75.8%,831,8.6,9,48,61.7,31,6.5,6.1,51.9,3,SmitJu00
39,DeVante Parker,MIA,27,WR,14,11,103,63,61.2%,793,12.6,4,45,54.4,31,7.7,4.5,56.6,1,ParkDe01
40,Russell Gage,ATL,24,WR,16,8,109,72,66.1%,786,10.9,4,50,53.2,35,7.2,4.5,49.1,0,GageRu00
41,Julio Jones,ATL,31,WR,9,9,68,51,75.0%,771,15.1,3,36,64.7,44,11.3,5.7,85.7,0,JoneJu02
42,Marquise Brown,BAL,23,WR,16,14,100,58,58.0%,769,13.3,8,35,45.0,70,7.7,3.6,48.1,0,BrowMa04
43,T.Y. Hilton,IND,31,WR,15,15,93,56,60.2%,762,13.6,5,42,53.8,50,8.2,3.7,50.8,0,HiltT.00
44,Alvin Kamara*,NOR,25,RB,15,10,107,83,77.6%,756,9.1,5,35,44.9,52,7.1,5.5,50.4,1,KamaAl00
45,Mike Williams,LAC,26,WR,15,11,85,48,56.5%,756,15.8,5,35,50.6,64,8.9,3.2,50.4,0,WillMi07
46,Darius Slayton,NYG,23,WR,16,15,96,50,52.1%,751,15.0,3,40,49.0,41,7.8,3.1,46.9,1,SlayDa01
47,Brandon Aiyuk,SFO,22,WR,12,11,96,60,62.5%,748,12.5,5,42,57.3,49,7.8,5.0,62.3,0,AiyuBr00
48,Tim Patrick,DEN,27,WR,15,15,79,51,64.6%,742,14.5,6,33,55.7,61,9.4,3.4,49.5,0,PatrTi00
49,Jakobi Meyers,NWE,24,WR,14,9,81,59,72.8%,729,12.4,0,37,59.3,35,9.0,4.2,52.1,1,MeyeJa01
50,Emmanuel Sanders,NOR,33,WR,14,5,82,61,74.4%,726,11.9,5,33,68.3,51,8.9,4.4,51.9,1,SandEm00
51,T.J. Hockenson*,DET,23,TE,16,16,101,67,66.3%,723,10.8,6,40,53.5,51,7.2,4.2,45.2,1,HockTJ00
52,DJ Chark,JAX,24,WR,13,12,93,53,57.0%,706,13.3,5,37,48.4,73,7.6,4.1,54.3,0,CharDJ00
53,Mike Gesicki,MIA,25,TE,15,9,85,53,62.4%,703,13.3,6,36,57.6,70,8.3,3.5,46.9,0,GesiMi00
54,Mark Andrews,BAL,25,TE,14,2,88,58,65.9%,701,12.1,7,37,56.8,39,8.0,4.1,50.1,2,AndrMa00
55,Jamison Crowder,NYJ,27,WR,12,7,89,59,66.3%,699,11.8,6,32,50.6,69,7.9,4.9,58.3,0,CrowJa00
56,Marquez Valdes-Scantling,GNB,26,WR,16,12,63,33,52.4%,690,20.9,6,27,49.2,78,11.0,2.1,43.1,1,ValdMa00
57,Noah Fant,DEN,23,TE,15,14,93,62,66.7%,673,10.9,3,34,51.6,37,7.2,4.1,44.9,0,FantNo00
58,Logan Thomas,WAS,29,TE,16,15,110,72,65.5%,670,9.3,6,36,47.3,30,6.1,4.5,41.9,0,ThomLo00
59,Kendrick Bourne,SFO,25,WR,15,5,74,49,66.2%,667,13.6,2,35,58.1,49,9.0,3.3,44.5,0,BourKe00
60,Sterling Shepard,NYG,27,WR,12,12,90,66,73.3%,656,9.9,3,37,60.0,29,7.3,5.5,54.7,0,ShepSt00
61,Hunter Renfrow,LVR,25,WR,16,6,77,56,72.7%,656,11.7,2,32,57.1,53,8.5,3.5,41.0,2,RenfHu00
62,Evan Engram*,NYG,26,TE,16,14,109,63,57.8%,654,10.4,1,31,38.5,53,6.0,3.9,40.9,1,EngrEv00
63,Keelan Cole,JAX,27,WR,16,5,88,55,62.5%,642,11.7,5,34,58.0,51,7.3,3.4,40.1,0,ColeKe00
64,George Kittle,SFO,27,TE,8,8,63,48,76.2%,634,13.2,2,32,65.1,44,10.1,6.0,79.3,0,KittGe00
65,Darnell Mooney,CHI,23,WR,16,9,98,61,62.2%,631,10.3,4,33,50.0,53,6.4,3.8,39.4,1,MoonDa00
66,Zach Pascal,IND,26,WR,16,14,71,44,62.0%,629,14.3,5,29,54.9,42,8.9,2.8,39.3,0,PascZa00
67,Rob Gronkowski,TAM,31,TE,16,16,77,45,58.4%,623,13.8,7,29,50.6,48,8.1,2.8,38.9,1,GronRo00
68,Christian Kirk,ARI,24,WR,14,10,79,48,60.8%,621,12.9,6,30,49.4,80,7.9,3.4,44.4,1,KirkCh01
69,Josh Reynolds,LAR,25,WR,16,13,81,52,64.2%,618,11.9,2,31,56.8,40,7.6,3.3,38.6,2,ReynJo00
70,Dalton Schultz,DAL,24,TE,16,14,89,63,70.8%,615,9.8,4,33,61.8,28,6.9,3.9,38.4,1,SchuDa00
71,Hunter Henry,LAC,26,TE,14,14,93,60,64.5%,613,10.2,4,35,51.6,33,6.6,4.3,43.8,0,HenrHu00
72,Damiere Byrd,NWE,27,WR,16,14,77,47,61.0%,604,12.9,1,29,50.6,42,7.8,2.9,37.8,3,ByrdDa00
73,Danny Amendola,DET,35,WR,14,5,69,46,66.7%,602,13.1,0,30,52.2,50,8.7,3.3,43.0,0,AmenDa00
74,Laviska Shenault Jr.,JAX,22,WR,14,12,79,58,73.4%,600,10.3,5,33,53.2,36,7.6,4.1,42.9,0,ShenLa00
75,Rashard Higgins,CLE,26,WR,13,6,52,37,71.2%,599,16.2,4,26,69.2,43,11.5,2.8,46.1,3,HiggRa00
76,Gabriel Davis,BUF,21,WR,16,11,62,35,56.5%,599,17.1,7,27,53.2,56,9.7,2.2,37.4,1,DaviGa01
77,J.D. McKissic,WAS,27,RB,16,7,110,80,72.7%,589,7.4,2,32,50.0,29,5.4,5.0,36.8,3,McKiJ.00
78,Robert Tonyan,GNB,26,TE,16,8,59,52,88.1%,586,11.3,11,33,74.6,45,9.9,3.3,36.6,0,TonyRo00
79,Hayden Hurst,ATL,27,TE,16,9,88,56,63.6%,571,10.2,6,35,51.1,42,6.5,3.5,35.7,0,HursHa00
80,Mecole Hardman,KAN,22,WR,16,8,62,41,66.1%,560,13.7,4,23,54.8,49,9.0,2.6,35.0,2,HardMe00
81,Eric Ebron,PIT,27,TE,15,9,91,56,61.5%,558,10.0,5,30,46.2,27,6.1,3.7,37.2,1,EbroEr00
82,Travis Fulgham,PHI,25,WR,13,8,67,38,56.7%,539,14.2,4,26,52.2,42,8.0,2.9,41.5,0,FulgTr00
83,Dallas Goedert,PHI,25,TE,11,9,65,46,70.8%,524,11.4,3,28,60.0,41,8.1,4.2,47.6,0,GoedDa00
84,A.J. Green,CIN,32,WR,16,14,104,47,45.2%,523,11.1,2,34,40.4,33,5.0,2.9,32.7,0,GreeA.00
85,Tyler Higbee,LAR,27,TE,15,15,60,44,73.3%,521,11.8,5,27,61.7,44,8.7,2.9,34.7,0,HigbTy00
86,Jalen Guyton,LAC,23,WR,16,9,55,28,50.9%,511,18.3,3,18,41.8,72,9.3,1.8,31.9,0,GuytJa01
87,Breshad Perriman,NYJ,27,WR,12,12,60,30,50.0%,505,16.8,3,20,36.7,53,8.4,2.5,42.1,0,PerrBr02
88,Jared Cook,NOR,33,TE,15,5,60,37,61.7%,504,13.6,7,27,53.3,46,8.4,2.5,33.6,1,CookJa02
89,Michael Pittman Jr.,IND,23,WR,13,8,61,40,65.6%,503,12.6,1,22,50.8,45,8.2,3.1,38.7,0,PittMi01
90,Scott Miller,TAM,23,WR,16,5,53,33,62.3%,501,15.2,3,20,45.3,48,9.5,2.1,31.3,0,MillSc01
91,Anthony Miller,CHI,26,WR,16,6,76,49,64.5%,485,9.9,2,23,44.7,34,6.4,3.1,30.3,2,MillAn02
92,Antonio Brown,TAM,32,WR,8,4,62,45,72.6%,483,10.7,4,27,61.3,46,7.8,5.6,60.4,0,BrowAn04
93,Nyheim Hines,IND,24,RB,16,2,76,63,82.9%,482,7.7,4,24,53.9,29,6.3,3.9,30.1,0,HineNy00
94,Cam Sims,WAS,24,WR,16,10,48,32,66.7%,477,14.9,1,18,52.1,50,9.9,2.0,29.8,1,SimsCa00
95,Chris Conley,JAX,28,WR,15,4,63,40,63.5%,471,11.8,2,24,58.7,51,7.5,2.7,31.4,1,ConlCh00
96,Demarcus Robinson,KAN,26,WR,16,9,59,45,76.3%,466,10.4,3,26,59.3,28,7.9,2.8,29.1,2,RobiDe01
97,John Brown,BUF,30,WR,9,8,52,33,63.5%,458,13.9,3,22,57.7,46,8.8,3.7,50.9,0,BrowJo02
98,Jimmy Graham,CHI,34,TE,16,15,76,50,65.8%,456,9.1,8,32,56.6,30,6.0,3.1,28.5,1,GrahJi00
99,Henry Ruggs III,LVR,21,WR,13,12,43,26,60.5%,452,17.4,2,13,53.5,72,10.5,2.0,34.8,2,RuggHe00
100,Allen Lazard,GNB,25,WR,10,9,46,33,71.7%,451,13.7,3,23,69.6,72,9.8,3.3,45.1,0,LazaAl00
101,Jonnu Smith,TEN,25,TE,15,14,65,41,63.1%,448,10.9,8,25,55.4,63,6.9,2.7,29.9,0,SmitJo01
102,Tre'Quan Smith,NOR,24,WR,14,10,50,34,68.0%,448,13.2,4,22,54.0,31,9.0,2.4,32.0,1,SmitTr03
103,Randall Cobb,HOU,30,WR,10,2,48,38,79.2%,441,11.6,3,20,70.8,34,9.2,3.8,44.1,0,CobbRa00
104,David Montgomery,CHI,23,RB,15,14,68,54,79.4%,438,8.1,2,25,55.9,28,6.4,3.6,29.2,1,MontDa01
105,Michael Thomas,NOR,27,WR,7,5,55,40,72.7%,438,11.0,0,25,61.8,24,8.0,5.7,62.6,0,ThomMi05
106,Dan Arnold,ARI,25,TE,16,5,45,31,68.9%,438,14.1,4,24,62.2,59,9.7,1.9,27.4,2,ArnoDa00
107,Austin Hooper,CLE,26,TE,13,13,70,46,65.7%,435,9.5,4,27,51.4,36,6.2,3.5,33.5,0,HoopAu00
108,Willie Snead,BAL,28,WR,13,8,48,33,68.8%,432,13.1,3,23,58.3,34,9.0,2.5,33.2,1,SneaWi00
109,Sammy Watkins,KAN,27,WR,10,9,55,37,67.3%,421,11.4,2,27,65.5,37,7.7,3.7,42.1,1,WatkSa00
110,Greg Ward,PHI,25,WR,16,10,79,53,67.1%,419,7.9,6,24,51.9,32,5.3,3.3,26.2,2,WardGr02
111,Gerald Everett,LAR,26,TE,16,7,62,41,66.1%,417,10.2,1,24,51.6,40,6.7,2.6,26.1,1,EverGe00
112,David Moore,SEA,25,WR,16,6,47,35,74.5%,417,11.9,6,18,53.2,57,8.9,2.2,26.1,1,MoorDa03
113,Larry Fitzgerald,ARI,37,WR,13,13,72,54,75.0%,409,7.6,1,25,54.2,18,5.7,4.2,31.5,0,FitzLa00
114,Austin Ekeler,LAC,25,RB,10,10,65,54,83.1%,403,7.5,2,20,53.8,28,6.2,5.4,40.3,1,EkelAu00
115,Jordan Akins,HOU,28,TE,13,5,49,37,75.5%,403,10.9,1,20,65.3,26,8.2,2.8,31.0,0,AkinJo00
116,Chase Edmonds,ARI,24,RB,16,2,67,53,79.1%,402,7.6,4,21,50.7,30,6.0,3.3,25.1,2,EdmoCh00
117,Keke Coutee,HOU,23,WR,8,4,40,33,82.5%,400,12.1,3,19,65.0,64,10.0,4.1,50.0,4,CoutKe00
118,Tyron Johnson,LAC,24,WR,12,0,26,20,76.9%,398,19.9,3,15,61.5,55,15.3,1.7,33.2,0,JohnTy03
119,Jalen Reagor,PHI,21,WR,11,11,54,31,57.4%,396,12.8,1,19,46.3,55,7.3,2.8,36.0,2,ReagJa00
120,Braxton Berrios,NYJ,25,WR,16,2,55,37,67.3%,394,10.6,3,19,49.1,43,7.2,2.3,24.6,0,BerrBr00
121,Mo Alie-Cox,IND,27,TE,15,6,39,31,79.5%,394,12.7,2,19,66.7,45,10.1,2.1,26.3,1,AlieMo00
122,Richie James,SFO,25,WR,11,7,35,23,65.7%,394,17.1,1,15,48.6,47,11.3,2.1,35.8,2,JameRi00
123,James Washington,PIT,24,WR,16,7,56,30,53.6%,392,13.1,5,19,42.9,50,7.0,1.9,24.5,0,WashJa00
124,Deebo Samuel,SFO,24,WR,7,5,44,33,75.0%,391,11.8,1,19,59.1,35,8.9,4.7,55.9,0,SamuDe00
125,Myles Gaskin,MIA,23,RB,10,7,47,41,87.2%,388,9.5,2,12,59.6,59,8.3,4.1,38.8,2,GaskMy00
126,Golden Tate,NYG,32,WR,12,4,52,35,67.3%,388,11.1,2,19,44.2,39,7.5,2.9,32.3,0,TateGo00
127,Anthony Firkser,TEN,25,FB,16,1,53,39,73.6%,387,9.9,1,26,58.5,45,7.3,2.4,24.2,0,FirkAn00
128,KJ Hamler,DEN,21,WR,13,4,56,30,53.6%,381,12.7,3,17,37.5,49,6.8,2.3,29.3,2,HamlKJ00
129,James White,NWE,28,RB,14,0,62,49,79.0%,375,7.7,1,20,41.9,34,6.0,3.5,26.8,1,WhitJa02
130,Mike Davis,CAR,27,RB,15,12,70,59,84.3%,373,6.3,2,17,47.1,23,5.3,3.9,24.9,1,DaviMi01
131,Jakeem Grant,MIA,28,WR,14,4,54,36,66.7%,373,10.4,1,22,53.7,30,6.9,2.6,26.6,2,GranJa00
132,Irv Smith Jr.,MIN,22,TE,13,7,43,30,69.8%,365,12.2,5,22,58.1,36,8.5,2.3,28.1,0,SmitIr01
133,Dalvin Cook*,MIN,25,RB,14,14,54,44,81.5%,361,8.2,1,17,44.4,50,6.7,3.1,25.8,5,CookDa01
134,D'Andre Swift,DET,21,RB,13,4,57,46,80.7%,357,7.8,2,15,47.4,26,6.3,3.5,27.5,3,SwifDA00
135,Denzel Mims,NYJ,23,WR,9,8,44,23,52.3%,357,15.5,0,15,40.9,30,8.1,2.6,39.7,0,MimsDe00
136,Giovani Bernard,CIN,29,RB,16,10,59,47,79.7%,355,7.6,3,15,42.4,42,6.0,2.9,22.2,1,BernGi00
137,Aaron Jones*,GNB,26,RB,14,14,63,47,74.6%,355,7.6,2,15,49.2,30,5.6,3.4,25.4,2,JoneAa00
138,Drew Sample,CIN,24,TE,16,13,53,40,75.5%,349,8.7,1,16,58.5,23,6.6,2.5,21.8,1,SampDr00
139,Tyler Eifert,JAX,30,TE,15,4,60,36,60.0%,349,9.7,2,22,48.3,28,5.8,2.4,23.3,0,EifeTy00
140,Quintez Cephus,DET,22,WR,13,2,35,20,57.1%,349,17.5,2,16,54.3,49,10.0,1.5,26.8,0,CephQu00
141,Richard Rodgers,PHI,28,TE,14,4,31,24,77.4%,345,14.4,2,16,64.5,33,11.1,1.7,24.6,0,RodgRi00
142,James Robinson,JAX,22,RB,14,14,60,49,81.7%,344,7.0,3,15,48.3,28,5.7,3.5,24.6,3,RobiJa00
143,Ezekiel Elliott,DAL,25,RB,15,15,71,52,73.2%,338,6.5,2,20,52.1,19,4.8,3.5,22.5,6,ElliEz00
144,Kenny Golladay,DET,27,WR,5,5,32,20,62.5%,338,16.9,2,16,53.1,48,10.6,4.0,67.6,0,GollKe00
145,Zach Ertz,PHI,30,TE,11,11,72,36,50.0%,335,9.3,1,16,38.9,42,4.7,3.3,30.5,0,ErtzZa00
146,Kyle Rudolph,MIN,31,TE,12,12,37,28,75.7%,334,11.9,1,16,64.9,25,9.0,2.3,27.8,1,RudoKy00
147,Odell Beckham Jr.,CLE,28,WR,7,7,43,23,53.5%,319,13.9,3,17,44.2,43,7.4,3.3,45.6,0,BeckOd00
148,Julian Edelman,NWE,34,WR,6,1,39,21,53.8%,315,15.0,0,18,51.3,49,8.1,3.5,52.5,0,EdelJu00
149,David Johnson,HOU,29,RB,12,12,46,33,71.7%,314,9.5,2,16,54.3,32,6.8,2.8,26.2,2,JohnDa08
150,Darren Fells,HOU,34,TE,16,14,28,21,75.0%,312,14.9,4,16,71.4,44,11.1,1.3,19.5,0,FellDa01
151,N'Keal Harry,NWE,23,WR,14,9,57,33,57.9%,309,9.4,2,15,49.1,30,5.4,2.4,22.1,1,HarrNK00
152,Kareem Hunt,CLE,25,RB,16,5,51,38,74.5%,304,8.0,5,19,54.9,26,6.0,2.4,19.0,2,HuntKa00
153,Donovan Peoples-Jones,CLE,21,WR,12,2,20,14,70.0%,304,21.7,2,10,60.0,75,15.2,1.2,25.3,0,PeopDo00
154,Marvin Hall,2TM,27,WR,12,6,32,18,56.3%,302,16.8,2,10,53.1,73,9.4,1.5,25.2,0,HallMa02
155,Jonathan Taylor,IND,21,RB,15,13,39,36,92.3%,299,8.3,1,12,51.3,39,7.7,2.4,19.9,1,TaylJo02
156,Clyde Edwards-Helaire,KAN,21,RB,13,13,54,36,66.7%,297,8.3,1,12,44.4,26,5.5,2.8,22.8,0,EdwaCl00
157,DaeSean Hamilton,DEN,25,WR,16,2,44,23,52.3%,293,12.7,2,16,47.7,40,6.7,1.4,18.3,1,HamiDa01
158,Dawson Knox,BUF,24,TE,12,7,44,24,54.5%,288,12.0,3,14,50.0,36,6.5,2.0,24.0,2,KnoxDa00
159,Preston Williams,MIA,23,WR,8,7,35,18,51.4%,288,16.0,4,14,45.7,47,8.2,2.3,36.0,0,WillPr01
160,Chris Carson,SEA,26,RB,12,12,46,37,80.4%,287,7.8,4,14,58.7,29,6.2,3.1,23.9,1,CarsCh00
161,Chris Herndon,NYJ,24,TE,16,13,45,31,68.9%,287,9.3,3,17,55.6,26,6.4,1.9,17.9,2,HernCh00
162,Isaiah McKenzie,BUF,25,WR,16,7,34,30,88.2%,282,9.4,5,17,64.7,46,8.3,1.9,17.6,0,McKeIs00
163,Cameron Brate,TAM,29,TE,16,1,34,28,82.4%,282,10.1,2,17,70.6,25,8.3,1.8,17.6,0,BratCa00
164,Isaiah Ford,MIA,24,WR,10,1,44,28,63.6%,276,9.9,0,18,59.1,18,6.3,2.8,27.6,0,FordIs00
165,Olamide Zaccheaus,ATL,23,WR,11,2,32,20,62.5%,274,13.7,1,16,56.3,51,8.6,1.8,24.9,0,ZaccOl01
166,Collin Johnson,JAX,23,WR,14,0,31,18,58.1%,272,15.1,2,12,51.6,46,8.8,1.3,19.4,0,JohnCo01
167,Devin Singletary,BUF,23,RB,16,16,50,38,76.0%,269,7.1,0,8,56.0,34,5.4,2.4,16.8,1,SingDe00
168,Miles Boykin,BAL,24,WR,16,13,33,19,57.6%,266,14.0,4,14,48.5,43,8.1,1.2,16.6,0,BoykMi00
169,Steven Sims,WAS,23,WR,12,2,37,27,73.0%,265,9.8,1,13,51.4,30,7.2,2.3,22.1,4,SimsSt00
170,James O'Shaughnessy,JAX,28,TE,15,13,38,28,73.7%,262,9.4,0,12,63.2,26,6.9,1.9,17.5,0,O'ShJa00
171,Marcus Johnson,IND,26,WR,11,3,28,14,50.0%,255,18.2,0,11,46.4,55,9.1,1.3,23.2,0,JohnMa07
172,Jerick McKinnon,SFO,28,RB,16,4,46,33,71.7%,253,7.7,1,12,45.7,26,5.5,2.1,15.8,0,McKiJe00
173,Will Dissly,SEA,24,TE,16,12,29,24,82.8%,251,10.5,2,12,62.1,28,8.7,1.5,15.7,0,DissWi00
174,Jack Doyle,IND,30,TE,14,12,33,23,69.7%,251,10.9,3,13,63.6,28,7.6,1.6,17.9,1,DoylJa00
175,Trey Burton,IND,29,TE,13,4,47,28,59.6%,250,8.9,3,14,48.9,20,5.3,2.2,19.2,0,BurtTr01
176,Duke Johnson,HOU,27,RB,11,5,35,28,80.0%,249,8.9,1,8,54.3,48,7.1,2.5,22.6,3,JohnDu00
177,Antonio Gibson,WAS,22,RB,14,10,44,36,81.8%,247,6.9,0,8,43.2,40,5.6,2.6,17.6,1,GibsAn00
178,Ross Dwelley,SFO,25,TE,16,9,24,19,79.2%,245,12.9,1,10,62.5,36,10.2,1.2,15.3,0,DwelRo00
179,Cole Kmet,CHI,21,TE,16,9,44,28,63.6%,243,8.7,2,12,54.5,38,5.5,1.8,15.2,1,KmetCo00
180,Greg Olsen,SEA,35,TE,11,8,37,24,64.9%,239,10.0,1,16,59.5,22,6.5,2.2,21.7,0,OlseGr00
181,Josh Jacobs*,LVR,22,RB,15,15,45,33,73.3%,238,7.2,0,9,46.7,29,5.3,2.2,15.9,2,JacoJo01
182,Harrison Bryant,CLE,22,TE,15,9,38,24,63.2%,238,9.9,3,14,57.9,35,6.3,1.6,15.9,2,BryaHa00
183,Jamaal Williams,GNB,25,RB,14,3,35,31,88.6%,236,7.6,1,11,51.4,29,6.7,2.2,16.9,0,WillJa06
184,Chad Hansen,HOU,25,WR,5,2,24,17,70.8%,236,13.9,1,11,66.7,38,9.8,3.4,47.2,0,HansCh00
185,DeSean Jackson,PHI,34,WR,5,5,26,14,53.8%,236,16.9,1,10,46.2,81,9.1,2.8,47.2,0,JackDe00
186,Leonard Fournette,TAM,25,RB,13,3,47,36,76.6%,233,6.5,0,9,48.9,20,5.0,2.8,17.9,0,FourLe00
187,Jordan Reed,SFO,30,TE,10,1,46,26,56.5%,231,8.9,4,16,43.5,26,5.0,2.6,23.1,0,ReedJo02
188,Adam Humphries,TEN,27,WR,7,1,35,23,65.7%,228,9.9,2,11,54.3,23,6.5,3.3,32.6,0,HumpAd00
189,Andy Isabella,ARI,24,WR,13,2,35,21,60.0%,224,10.7,2,10,40.0,54,6.4,1.6,17.2,1,IsabAn00
190,Van Jefferson,LAR,24,WR,16,0,31,19,61.3%,220,11.6,1,11,54.8,31,7.1,1.2,13.8,1,JeffVa00
191,James Conner,PIT,25,RB,13,11,43,35,81.4%,215,6.1,0,10,41.9,18,5.0,2.7,16.5,2,ConnJa00
192,Marquez Callaway,NOR,22,WR,11,3,27,21,77.8%,213,10.1,0,10,70.4,27,7.9,1.9,19.4,0,CallMa01
193,David Njoku,CLE,24,TE,13,5,29,19,65.5%,213,11.2,2,13,58.6,28,7.3,1.5,16.4,0,NjokDa00
194,Boston Scott,PHI,25,RB,16,4,36,25,69.4%,212,8.5,1,8,41.7,18,5.9,1.6,13.3,2,ScotBo02
195,Lynn Bowden Jr.,MIA,23,WR,10,4,37,28,75.7%,211,7.5,0,13,51.4,22,5.7,2.8,21.1,0,BowdLy00
196,Jacob Hollister,SEA,27,TE,16,5,40,25,62.5%,209,8.4,3,14,50.0,20,5.2,1.6,13.1,0,HollJa03
197,Durham Smythe,MIA,25,TE,15,13,29,26,89.7%,208,8.0,2,13,75.9,19,7.2,1.7,13.9,0,SmytDu00
198,Kyle Juszczyk*,SFO,29,FB,16,15,29,19,65.5%,202,10.6,4,10,58.6,41,7.0,1.2,12.6,1,JuszKy00
199,Chad Beebe,MIN,26,WR,14,0,30,20,66.7%,201,10.1,2,12,50.0,40,6.7,1.4,14.4,2,BeebCh00
200,Devin Duvernay,BAL,23,WR,16,3,26,20,76.9%,201,10.1,0,8,46.2,39,7.7,1.3,12.6,0,DuveDe00
201,Brian Hill,ATL,25,RB,16,1,30,25,83.3%,199,8.0,0,7,56.7,26,6.6,1.6,12.4,2,HillBr02
202,Ryan Izzo,NWE,25,TE,12,12,20,13,65.0%,199,15.3,0,6,60.0,50,10.0,1.1,16.6,1,IzzoRy00
203,Miles Sanders,PHI,23,RB,12,11,52,28,53.8%,197,7.0,0,8,34.6,28,3.8,2.3,16.4,4,SandMi01
204,Isaiah Wright,WAS,23,WR,14,6,35,27,77.1%,197,7.3,0,10,48.6,22,5.6,1.9,14.1,3,WrigIs01
205,Tyler Conklin,MIN,25,TE,16,2,26,19,73.1%,194,10.2,1,11,61.5,30,7.5,1.2,12.1,1,ConkTy00
206,Tony Pollard,DAL,23,RB,16,2,40,28,70.0%,193,6.9,1,9,42.5,30,4.8,1.8,12.1,0,PollTo00
207,Bryan Edwards,LVR,22,WR,12,3,15,11,73.3%,193,17.5,1,9,66.7,34,12.9,0.9,16.1,0,EdwaBr01
208,Rex Burkhead,NWE,30,RB,10,0,33,25,75.8%,192,7.7,3,11,39.4,24,5.8,2.5,19.2,0,BurkRe00
209,Cedrick Wilson Jr.,DAL,25,WR,16,0,28,17,60.7%,189,11.1,2,10,53.6,42,6.8,1.1,11.8,0,WilsCe01
210,Olabisi Johnson,MIN,23,WR,16,3,19,14,73.7%,189,13.5,0,9,63.2,29,9.9,0.9,11.8,0,JohnOl00
211,Kerryon Johnson,DET,23,RB,16,2,26,19,73.1%,187,9.8,1,11,46.2,20,7.2,1.2,11.7,1,JohnKe06
212,Mohamed Sanu,2TM,31,WR,10,4,24,17,70.8%,187,11.0,1,13,66.7,21,7.8,1.7,18.7,0,SanuMo00
213,Kalif Raymond,TEN,26,WR,15,3,15,9,60.0%,187,20.8,0,7,53.3,61,12.5,0.6,12.5,0,RaymKa00
214,Deonte Harty,NOR,23,WR,9,2,25,20,80.0%,186,9.3,1,10,60.0,40,7.4,2.2,20.7,3,HarrDe07
215,KhaDarel Hodge,CLE,25,WR,9,0,17,11,64.7%,180,16.4,0,11,64.7,42,10.6,1.2,20.0,0,HodgKh00
216,Latavius Murray,NOR,30,RB,15,7,26,23,88.5%,176,7.7,1,8,50.0,25,6.8,1.5,11.7,1,MurrLa00
217,Mack Hollins,MIA,27,WR,16,2,25,16,64.0%,176,11.0,1,7,56.0,34,7.0,1.0,11.0,1,HollMa00
218,Justin Jackson,LAC,24,RB,9,4,24,19,79.2%,173,9.1,0,7,50.0,34,7.2,2.1,19.2,0,JackJu01
219,KeeSean Johnson,ARI,24,WR,8,1,23,15,65.2%,173,11.5,0,7,47.8,45,7.5,1.9,21.6,0,JohnKe07
220,Adam Trautman,NOR,23,TE,15,6,16,15,93.8%,171,11.4,1,9,68.8,41,10.7,1.0,11.4,0,TrauAd00
221,Tyler Johnson,TAM,22,WR,14,3,17,12,70.6%,169,14.1,2,9,52.9,35,9.9,0.9,12.1,0,JohnTy00
222,Jeff Smith,NYJ,23,WR,12,4,37,17,45.9%,167,9.8,0,9,32.4,21,4.5,1.4,13.9,0,SmitJe03
223,John Hightower,PHI,24,WR,13,4,29,10,34.5%,167,16.7,0,5,27.6,59,5.8,0.8,12.8,0,HighJo00
224,Kalen Ballage,2TM,25,RB,11,2,37,29,78.4%,166,5.7,0,5,37.8,21,4.5,2.6,15.1,1,BallKa00
225,Ronald Jones II,TAM,23,RB,14,13,42,28,66.7%,165,5.9,1,2,31.0,37,3.9,2.0,11.8,2,JoneRo01
226,Todd Gurley,ATL,26,RB,15,15,35,25,71.4%,164,6.6,0,7,42.9,26,4.7,1.7,10.9,2,GurlTo01
227,Dontrelle Inman,WAS,31,WR,10,2,28,18,64.3%,163,9.1,2,11,50.0,17,5.8,1.8,16.3,1,InmaDo00
228,Pharaoh Brown,HOU,26,TE,13,9,16,14,87.5%,163,11.6,2,9,75.0,29,10.2,1.1,12.5,0,BrowPh01
229,Malcolm Brown,LAR,27,RB,16,0,33,23,69.7%,162,7.0,0,9,45.5,30,4.9,1.4,10.1,1,BrowMa03
230,Byron Pringle,KAN,27,WR,13,3,17,13,76.5%,160,12.3,1,9,64.7,37,9.4,1.0,12.3,0,PrinBy00
231,Darrell Henderson,LAR,23,RB,15,11,24,16,66.7%,159,9.9,1,8,41.7,28,6.6,1.1,10.6,0,HendDa00
232,Freddie Swain,SEA,22,WR,16,1,21,13,61.9%,159,12.2,2,6,42.9,23,7.6,0.8,9.9,0,SwaiFr00
233,Donald Parham,LAC,23,TE,13,5,20,10,50.0%,159,15.9,3,8,50.0,26,8.0,0.8,12.2,0,ParhDo00
234,Melvin Gordon,DEN,27,RB,15,10,44,32,72.7%,158,4.9,1,7,29.5,20,3.6,2.1,10.5,4,GordMe00
235,Raheem Mostert,SFO,28,RB,8,8,19,16,84.2%,156,9.8,1,5,52.6,76,8.2,2.0,19.5,1,MostRa00
236,Noah Brown,DAL,24,WR,16,1,24,14,58.3%,154,11.0,0,6,54.2,20,6.4,0.9,9.6,0,BrowNo00
237,Zay Jones,LVR,25,WR,16,2,20,14,70.0%,154,11.0,1,6,55.0,37,7.7,0.9,9.6,0,JoneZa00
238,Nick Chubb*,CLE,25,RB,12,12,18,16,88.9%,150,9.4,0,6,61.1,26,8.3,1.3,12.5,1,ChubNi00
239,Auden Tate,CIN,23,WR,9,2,22,14,63.6%,150,10.7,0,9,50.0,19,6.8,1.6,16.7,0,TateAu00
240,Adam Shaheen,MIA,26,TE,16,5,22,12,54.5%,150,12.5,3,9,50.0,43,6.8,0.8,9.4,0,ShahAd00
241,Christian McCaffrey,CAR,24,RB,3,3,19,17,89.5%,149,8.8,1,8,52.6,24,7.8,5.7,49.7,0,McCaCh01
242,Joshua Kelley,LAC,23,RB,14,0,23,23,100.0%,148,6.4,0,9,56.5,35,6.4,1.6,10.6,2,KellJo01
243,Chris Thompson,JAX,30,RB,8,0,23,20,87.0%,146,7.3,1,5,47.8,15,6.3,2.5,18.3,0,ThomCh03
244,O.J. Howard,TAM,26,TE,4,1,19,11,57.9%,146,13.3,2,8,52.6,33,7.7,2.8,36.5,0,HowaO.00
245,Ian Thomas,CAR,24,TE,16,8,31,20,64.5%,145,7.3,1,11,51.6,21,4.7,1.3,9.1,1,ThomIa00
246,Kenny Stills,HOU,28,WR,10,0,19,11,57.9%,144,13.1,1,8,42.1,24,7.6,1.1,14.4,0,StilKe00
247,Christian Blake,ATL,24,WR,16,0,18,13,72.2%,141,10.8,0,6,50.0,25,7.8,0.8,8.8,0,BlakCh00
248,Foster Moreau,LVR,23,TE,16,2,9,7,77.8%,140,20.0,2,5,77.8,47,15.6,0.4,8.8,0,MoreFo00
249,Alex Erickson,CIN,28,WR,16,2,17,12,70.6%,139,11.6,0,5,52.9,42,8.2,0.8,8.7,2,EricAl01
250,Joe Mixon,CIN,24,RB,6,6,26,21,80.8%,138,6.6,1,5,46.2,19,5.3,3.5,23.0,1,MixoJo00
251,Jalen Richard,LVR,27,RB,13,0,23,19,82.6%,138,7.3,0,5,43.5,19,6.0,1.5,10.6,1,RichJa01
252,Le'Veon Bell,2TM,28,RB,11,4,20,16,80.0%,138,8.6,0,7,65.0,30,6.9,1.5,12.5,1,BellLe00
253,Kenyan Drake,ARI,26,RB,15,13,31,25,80.6%,137,5.5,0,5,48.4,18,4.4,1.7,9.1,3,DrakKe00
254,Jeff Wilson,SFO,25,RB,12,3,28,13,46.4%,133,10.2,3,8,28.6,21,4.8,1.1,11.1,2,WilsJe01
255,Cordarrelle Patterson*+,CHI,29,WR,16,3,25,21,84.0%,132,6.3,0,7,48.0,25,5.3,1.3,8.3,0,PattCo00
256,Mike Thomas,CIN,26,WR,14,0,21,13,61.9%,132,10.2,1,7,47.6,29,6.3,0.9,9.4,1,ThomMi04
257,Jesse James,DET,26,TE,16,7,22,14,63.6%,129,9.2,2,6,36.4,31,5.9,0.9,8.1,0,JameJe00
258,Gus Edwards,BAL,25,RB,16,6,13,9,69.2%,129,14.3,0,4,53.8,34,9.9,0.6,8.1,1,EdwaGu00
259,Dion Lewis,NYG,30,RB,16,0,30,19,63.3%,127,6.7,1,8,36.7,17,4.2,1.2,7.9,3,LewiDi00
260,Alexander Mattison,MIN,22,RB,13,2,15,13,86.7%,125,9.6,1,5,66.7,28,8.3,1.0,9.6,0,MattAl01
261,Cam Akers,LAR,21,RB,13,5,14,11,78.6%,123,11.2,1,4,42.9,38,8.8,0.8,9.5,1,AkerCa00
262,Albert Okwuegbunam,DEN,22,TE,4,0,15,11,73.3%,121,11.0,1,6,60.0,27,8.1,2.8,30.3,0,OkwuAl00
263,J.K. Dobbins,BAL,22,RB,15,1,24,18,75.0%,120,6.7,0,4,37.5,19,5.0,1.2,8.0,2,DobbJK00
264,Tyler Kroft,BUF,28,TE,10,4,16,12,75.0%,119,9.9,3,9,68.8,38,7.4,1.2,11.9,0,KrofTy00
265,Chris Hogan,NYJ,33,WR,5,4,26,14,53.8%,118,8.4,0,6,46.2,27,4.5,2.8,23.6,0,HogaCh00
266,Equanimeous St. Brown,GNB,24,WR,12,1,13,7,53.8%,117,16.7,1,6,53.8,24,9.0,0.6,9.8,0,St.BEq00
267,Darrel Williams,KAN,25,RB,16,0,26,18,69.2%,116,6.4,0,6,42.3,15,4.5,1.1,7.3,0,WillDa10
268,Alshon Jeffery,PHI,30,WR,7,2,13,6,46.2%,115,19.2,1,5,38.5,39,8.8,0.9,16.4,0,JeffAl00
269,Wayne Gallman,NYG,26,RB,15,10,27,21,77.8%,114,5.4,0,6,37.0,19,4.2,1.4,7.6,1,GallWa00
270,Derrick Henry*+,TEN,26,RB,16,16,31,19,61.3%,114,6.0,0,4,32.3,53,3.7,1.2,7.1,3,HenrDe00
271,Jace Sternberger,GNB,24,TE,12,0,15,12,80.0%,114,9.5,1,6,53.3,27,7.6,1.0,9.5,0,SterJa00
272,Sony Michel,NWE,25,RB,9,6,9,7,77.8%,114,16.3,1,5,77.8,31,12.7,0.8,12.7,0,MichSo00
273,Nick Boyle,BAL,27,TE,9,9,17,14,82.4%,113,8.1,2,8,58.8,21,6.6,1.6,12.6,0,BoylNi00
274,Kaden Smith,NYG,23,TE,15,12,21,18,85.7%,112,6.2,0,8,61.9,16,5.3,1.2,7.5,1,SmitKa00
275,DeeJay Dallas,SEA,22,RB,12,2,20,17,85.0%,111,6.5,1,5,55.0,13,5.6,1.4,9.3,0,DallDe00
276,Alec Ingold,LVR,24,FB,16,4,17,12,70.6%,110,9.2,1,9,58.8,23,6.5,0.8,6.9,0,IngoAl01
277,Blake Bell,DAL,29,TE,16,2,15,11,73.3%,110,10.0,0,7,60.0,24,7.3,0.7,6.9,0,BellBl00
278,Marcedes Lewis,GNB,36,TE,15,15,17,10,58.8%,107,10.7,3,6,58.8,36,6.3,0.7,7.1,0,LewiMa00
279,Stephen Anderson,LAC,27,TE,16,3,11,8,72.7%,106,13.3,0,7,63.6,23,9.6,0.5,6.6,0,AndeSt01
280,Quez Watkins,PHI,22,WR,6,0,13,7,53.8%,106,15.1,1,4,30.8,43,8.2,1.2,17.7,0,WatkQu00
281,Jordan Wilkins,IND,26,RB,15,0,16,12,75.0%,105,8.8,0,3,37.5,24,6.6,0.8,7.0,0,WilkJo01
282,Maxx Williams,ARI,26,TE,9,8,10,8,80.0%,102,12.8,1,4,70.0,42,10.2,0.9,11.3,0,WillMa04
283,LeSean McCoy,TAM,32,RB,10,0,19,15,78.9%,101,6.7,0,3,15.8,15,5.3,1.5,10.1,0,McCoLe01
284,Adrian Peterson,DET,35,RB,16,10,18,12,66.7%,101,8.4,0,4,55.6,23,5.6,0.8,6.3,0,PeteAd01
285,C.J. Board,NYG,27,WR,14,4,16,11,68.8%,101,9.2,0,6,43.8,16,6.3,0.8,7.2,0,BoarC.00
286,Cameron Batson,TEN,25,WR,12,1,13,12,92.3%,100,8.3,1,7,76.9,18,7.7,1.0,8.3,1,BatsCa00
287,Ty Johnson,2TM,23,RB,13,1,21,16,76.2%,99,6.2,1,6,38.1,18,4.7,1.2,7.6,0,JohnTy02
288,Vance McDonald,PIT,30,TE,14,12,20,15,75.0%,99,6.6,0,4,35.0,15,5.0,1.1,7.1,0,McDoVa00
289,Taysom Hill,NOR,30,WR/QB,16,8,12,8,66.7%,98,12.3,1,4,33.3,21,8.2,0.5,6.1,10,HillTa00
290,C.J. Ham,MIN,27,FB,15,11,13,8,61.5%,97,12.1,1,6,61.5,30,7.5,0.5,6.5,0,HamxC.00
291,Matt Breida,MIA,25,RB,12,1,10,9,90.0%,96,10.7,0,5,60.0,31,9.6,0.8,8.0,2,BreiMa00
292,Zack Moss,BUF,23,RB,13,0,18,14,77.8%,95,6.8,1,5,55.6,20,5.3,1.1,7.3,0,MossZa00
293,Nick Vannett,DEN,27,TE,15,11,21,14,66.7%,95,6.8,1,6,47.6,19,4.5,0.9,6.3,0,VannNi00
294,Justin Watson,TAM,24,WR,11,2,11,7,63.6%,94,13.4,0,5,63.6,36,8.5,0.6,8.5,0,WatsJu01
295,Carlos Hyde,SEA,30,RB,10,1,20,16,80.0%,93,5.8,0,4,40.0,18,4.7,1.6,9.3,1,HydeCa00
296,Malcolm Perry,MIA,23,WR,9,2,13,9,69.2%,92,10.2,1,4,61.5,25,7.1,1.0,10.2,1,PerrMa00
297,Darrell Daniels,ARI,26,TE,12,8,11,8,72.7%,92,11.5,1,4,63.6,31,8.4,0.7,7.7,0,DaniDa02
298,Austin Mack,NYG,23,WR,11,1,11,7,63.6%,91,13.0,0,5,54.5,50,8.3,0.6,8.3,0,MackAu01
299,Travis Homer,SEA,22,RB,9,0,10,9,90.0%,90,10.0,1,4,40.0,50,9.0,1.0,10.0,0,HomeTr00
300,Frank Gore,NYJ,37,RB,15,14,19,16,84.2%,89,5.6,0,3,68.4,9,4.7,1.1,5.9,1,GoreFr00
301,Jamal Agnew,DET,25,WR,14,2,20,13,65.0%,89,6.8,0,4,35.0,20,4.5,0.9,6.4,2,AgneJa00
302,C.J. Uzomah,CIN,27,TE,2,2,11,8,72.7%,87,10.9,1,6,63.6,23,7.9,4.0,43.5,0,UzomC.00
303,Trent Taylor,SFO,26,WR,12,1,21,10,47.6%,86,8.6,0,5,28.6,29,4.1,0.8,7.2,0,TaylTr02
304,Ryan Griffin,NYJ,30,TE,15,6,12,9,75.0%,86,9.6,0,4,50.0,23,7.2,0.6,5.7,0,GrifRy00
305,JJ Arcega-Whiteside,PHI,24,WR,8,0,8,4,50.0%,85,21.3,0,4,50.0,37,10.6,0.5,10.6,0,ArceJJ00
306,Devontae Booker,LVR,28,RB,16,1,21,17,81.0%,84,4.9,0,2,33.3,17,4.0,1.1,5.3,1,BookDe00
307,Tyler Ervin,GNB,27,RB,8,0,15,11,73.3%,84,7.6,0,6,53.3,24,5.6,1.4,10.5,0,ErviTy00
308,Geoff Swaim,TEN,27,WR,10,8,12,9,75.0%,83,9.2,1,6,58.3,16,6.9,0.9,8.3,0,SwaiGe00
309,Royce Freeman,DEN,24,RB,16,0,13,12,92.3%,81,6.8,0,4,46.2,28,6.2,0.8,5.1,0,FreeRo00
310,Troy Fumagalli,DEN,25,TE,8,0,15,8,53.3%,80,10.0,1,6,53.3,29,5.3,1.0,10.0,0,FumaTr00
311,DeMichael Harris,IND,22,WR,7,0,10,10,100.0%,79,7.9,0,3,70.0,21,7.9,1.4,11.3,0,HarrDe09
312,Ray-Ray McCloud,PIT,24,WR,16,2,22,20,90.9%,77,3.9,0,3,40.9,13,3.5,1.3,4.8,2,McClRa00
313,Dante Pettis,2TM,25,WR,7,1,6,4,66.7%,76,19.0,1,3,50.0,33,12.7,0.6,10.9,1,PettDa00
314,Ito Smith,ATL,25,RB,14,0,26,17,65.4%,75,4.4,0,3,30.8,17,2.9,1.2,5.4,1,SmitIt00
315,K.J. Hill,LAC,23,CB,15,0,11,7,63.6%,73,10.4,0,2,63.6,25,6.6,0.5,4.9,1,HillKJ00
316,Pharoh Cooper,CAR,25,WR,16,1,8,5,62.5%,73,14.6,0,3,50.0,32,9.1,0.3,4.6,1,CoopPh00
317,Parris Campbell,IND,23,WR,2,2,9,6,66.7%,71,11.8,0,4,44.4,21,7.9,3.0,35.5,0,CampPa00
318,Jason Witten,LVR,38,TE,16,7,17,13,76.5%,69,5.3,2,8,52.9,15,4.1,0.8,4.3,0,WittJa00
319,Brandon Powell,ATL,25,WR,15,1,18,12,66.7%,69,5.8,2,5,38.9,13,3.8,0.8,4.6,2,PoweBr00
320,Patrick Laird,MIA,25,RB,16,0,12,10,83.3%,68,6.8,0,3,50.0,17,5.7,0.6,4.3,1,LairPa00
321,Ryan Nall,CHI,25,RB,16,0,9,8,88.9%,67,8.4,1,5,55.6,18,7.4,0.5,4.2,0,NallRy00
322,Samaje Perine,CIN,25,RB,16,1,12,11,91.7%,66,6.0,0,4,50.0,15,5.5,0.7,4.1,0,PeriSa00
323,Malik Taylor,GNB,25,WR,15,1,6,5,83.3%,66,13.2,1,4,83.3,26,11.0,0.3,4.4,0,TaylMa01
324,Courtland Sutton,DEN,25,WR,1,1,6,3,50.0%,66,22.0,0,2,33.3,45,11.0,3.0,66.0,0,SuttCo00
325,Darwin Thompson,KAN,23,RB,14,1,11,7,63.6%,65,9.3,1,3,27.3,37,5.9,0.5,4.6,0,ThomDa06
326,La'Mical Perine,NYJ,22,RB,10,0,15,11,73.3%,63,5.7,0,3,46.7,14,4.2,1.1,6.3,0,PeriLa00
327,Luke Stocker,ATL,32,TE,16,13,11,7,63.6%,63,9.0,0,4,45.5,25,5.7,0.4,3.9,0,StocLu00
328,Tyrie Cleveland,DEN,23,WR,10,0,9,6,66.7%,63,10.5,0,4,55.6,17,7.0,0.6,6.3,0,ClevTy00
329,Nick Keizer,KAN,25,TE,16,3,9,6,66.7%,63,10.5,0,2,44.4,22,7.0,0.4,3.9,1,KeizNi00
330,Damion Ratley,NYG,25,WR,5,0,10,4,40.0%,63,15.8,0,2,40.0,29,6.3,0.8,12.6,1,RatlDa00
331,Gunner Olszewski+,NWE,24,WR,13,2,5,5,100.0%,62,12.4,1,3,60.0,38,12.4,0.4,4.8,1,OlszGu00
332,Salvon Ahmed,MIA,22,RB,6,4,14,11,78.6%,61,5.5,0,2,28.6,13,4.4,1.8,10.2,0,AhmeSa01
333,Benny Snell Jr.,PIT,22,RB,16,3,14,10,71.4%,61,6.1,0,3,50.0,14,4.4,0.6,3.8,2,SnelBe00
334,Saquon Barkley,NYG,23,RB,2,2,9,6,66.7%,60,10.0,0,3,44.4,38,6.7,3.0,30.0,0,BarkSa00
335,Ja'Marcus Bradley,CLE,24,WR,3,1,11,5,45.5%,60,12.0,0,2,36.4,22,5.5,1.7,20.0,0,BradJa01
336,Steven Mitchell,HOU,26,WR,6,1,8,5,62.5%,60,12.0,0,3,37.5,20,7.5,0.8,10.0,0,MitcSt02
337,Keith Smith,ATL,28,FB,16,7,15,11,73.3%,59,5.4,0,4,33.3,13,3.9,0.7,3.7,0,SmitKe03
338,Rodney Smith,CAR,24,RB,7,1,11,9,81.8%,59,6.6,0,1,27.3,12,5.4,1.3,8.4,1,SmitRo08
339,Ameer Abdullah,MIN,27,RB,16,0,9,8,88.9%,58,7.3,2,4,44.4,22,6.4,0.5,3.6,0,AbduAm00
340,Devonta Freeman,NYG,28,RB,5,4,10,7,70.0%,58,8.3,0,3,50.0,18,5.8,1.4,11.6,0,FreeDe00
341,Jaydon Mickens,TAM,26,WR,10,0,10,7,70.0%,58,8.3,0,6,60.0,11,5.8,0.7,5.8,0,MickJa01
342,Jeremy McNichols,TEN,25,RB,16,0,17,12,70.6%,55,4.6,0,0,29.4,9,3.2,0.8,3.4,0,McNiJe00
343,Dare Ogunbowale,JAX,26,RB,14,2,20,10,50.0%,54,5.4,0,4,20.0,12,2.7,0.7,3.9,0,OgunDa00
344,Anthony McFarland Jr.,PIT,21,RB,11,0,9,6,66.7%,54,9.0,0,1,55.6,17,6.0,0.5,4.9,0,McFaAn00
345,Cethan Carter,CIN,25,TE,15,5,7,5,71.4%,53,10.6,0,3,57.1,24,7.6,0.3,3.5,0,CartCe00
346,Johnny Mundt,LAR,26,TE,16,1,4,4,100.0%,53,13.3,0,1,100.0,34,13.3,0.3,3.3,0,MundJo00
347,Ashton Dulin,IND,23,WR,13,0,6,3,50.0%,53,17.7,0,2,50.0,34,8.8,0.2,4.1,1,DuliAs00
348,Chris Manhertz,CAR,28,TE,16,12,8,6,75.0%,52,8.7,0,1,50.0,17,6.5,0.4,3.3,0,ManhCh00
349,Damien Harris,NWE,23,RB,10,10,7,5,71.4%,52,10.4,0,4,57.1,15,7.4,0.5,5.2,1,HarrDa06
350,Mark Ingram,BAL,31,RB,11,9,8,6,75.0%,50,8.3,0,2,37.5,18,6.3,0.5,4.5,0,IngrMa01
351,Trent Sherfield,ARI,24,WR,15,1,7,5,71.4%,50,10.0,0,2,28.6,26,7.1,0.3,3.3,0,SherTr00
352,Virgil Green,LAC,32,TE,6,3,6,3,50.0%,50,16.7,1,2,50.0,26,8.3,0.5,8.3,0,GreeVi00
353,Laquon Treadwell,ATL,25,WR,5,0,7,6,85.7%,49,8.2,2,4,85.7,14,7.0,1.2,9.8,0,TreaLa00
354,MyCole Pruitt,TEN,28,TE,11,4,8,5,62.5%,49,9.8,2,4,62.5,22,6.1,0.5,4.5,0,PruiMy00
355,Javon Wims,CHI,26,WR,13,1,12,6,50.0%,48,8.0,1,4,41.7,13,4.0,0.5,3.7,0,WimsJa00
356,Dez Bryant,BAL,32,WR,6,0,11,6,54.5%,47,7.8,2,3,54.5,16,4.3,1.0,7.8,0,BryaDe01
357,Jaylen Samuels,PIT,24,RB,14,1,14,9,64.3%,46,5.1,0,2,42.9,12,3.3,0.6,3.3,0,SamuJa00
358,Josh Hill,NOR,30,TE,14,7,10,8,80.0%,46,5.8,1,4,50.0,16,4.6,0.6,3.3,1,HillJo02
359,Darrius Shepherd,GNB,25,WR,8,0,8,5,62.5%,46,9.2,0,1,37.5,19,5.8,0.6,5.8,1,ShepDa00
360,Levine Toilolo,NYG,29,TE,16,2,6,5,83.3%,46,9.2,0,3,66.7,14,7.7,0.3,2.9,0,ToilLe00
361,Lil'Jordan Humphrey,NOR,22,WR,3,1,5,3,60.0%,46,15.3,1,3,60.0,17,9.2,1.0,15.3,0,HumpLi01
362,Patrick Ricard*,BAL,26,FB,15,10,12,9,75.0%,45,5.0,1,3,50.0,11,3.8,0.6,3.0,1,RicaPa00
363,Demetrius Harris,CHI,29,TE,15,5,14,7,50.0%,45,6.4,0,2,42.9,9,3.2,0.5,3.0,0,HarrDe03
364,Hunter Bryant,DET,22,TE,5,0,3,1,33.3%,44,44.0,0,1,33.3,44,14.7,0.2,8.8,0,BryaHu02
365,Theo Riddick,LVR,29,RB,4,0,6,5,83.3%,43,8.6,0,1,50.0,15,7.2,1.3,10.8,0,RiddTh00
366,Devine Ozigbo,JAX,24,RB,8,0,9,9,100.0%,42,4.7,0,3,44.4,12,4.7,1.1,5.3,0,OzigDe01
367,Troymaine Pope,LAC,27,RB,6,0,10,8,80.0%,42,5.3,0,1,30.0,11,4.2,1.3,7.0,0,PopeTr00
368,Tarik Cohen,CHI,25,RB,3,0,9,6,66.7%,41,6.8,0,1,33.3,20,4.6,2.0,13.7,0,CoheTa00
369,River Cracraft,SFO,26,WR,9,1,9,6,66.7%,41,6.8,0,2,33.3,12,4.6,0.7,4.6,0,CracRi00
370,Tanner Hudson,TAM,26,TE,11,0,7,3,42.9%,41,13.7,0,3,42.9,20,5.9,0.3,3.7,0,HudsTa00
371,Ted Ginn Jr.,CHI,35,WR,6,0,6,3,50.0%,40,13.3,0,1,33.3,29,6.7,0.5,6.7,1,GinnTe00
372,Khari Blasingame,TEN,24,FB,15,7,5,4,80.0%,39,9.8,0,2,60.0,16,7.8,0.3,2.6,0,BlasKh00
373,Juwan Johnson,NOR,24,WR,7,4,10,4,40.0%,39,9.8,0,3,30.0,19,3.9,0.6,5.6,0,JohnJu02
374,Riley Ridley,CHI,24,WR,5,1,4,4,100.0%,39,9.8,0,3,100.0,18,9.8,0.8,7.8,0,RidlRi00
375,Devin Asiasi,NWE,23,TE,9,3,7,2,28.6%,39,19.5,1,2,28.6,26,5.6,0.2,4.3,0,AsiaDe00
376,Robert Foster,WAS,26,WR,4,2,6,2,33.3%,37,18.5,0,2,33.3,28,6.2,0.5,9.3,0,FostRo01
377,Deon Yelder,KAN,25,TE,14,1,11,7,63.6%,36,5.1,0,2,36.4,12,3.3,0.5,2.6,0,YeldDe00
378,Charlie Woerner,SFO,23,TE,14,0,4,3,75.0%,36,12.0,0,2,50.0,18,9.0,0.2,2.6,0,WoerCh00
379,Jakob Johnson,NWE,26,FB,16,11,9,8,88.9%,35,4.4,1,3,55.6,12,3.9,0.5,2.2,1,JohnJa12
380,Lee Smith,BUF,33,TE,10,2,6,4,66.7%,35,8.8,2,3,50.0,27,5.8,0.4,3.5,0,SmitLe00
381,Kahale Warring,HOU,23,TE,7,0,7,3,42.9%,35,11.7,0,2,28.6,23,5.0,0.4,5.0,0,WarrKa00
382,Brandon Zylstra,CAR,27,WR,16,2,4,3,75.0%,35,11.7,0,3,50.0,28,8.8,0.2,2.2,0,ZylsBr00
383,Lawrence Cager,NYJ,23,WR,2,1,6,2,33.3%,35,17.5,0,2,33.3,19,5.8,1.0,17.5,0,CageLa01
384,Cam Newton,NWE,31,QB,15,15,2,2,100.0%,35,17.5,1,2,100.0,19,17.5,0.1,2.3,6,NewtCa00
385,Ke'Shawn Vaughn,TAM,23,RB,10,0,10,5,50.0%,34,6.8,1,2,30.0,13,3.4,0.5,3.4,1,VaugKe00
386,Tevin Coleman,SFO,27,RB,8,1,5,4,80.0%,34,8.5,0,2,60.0,18,6.8,0.5,4.3,0,ColeTe01
387,Andre Roberts*,BUF,32,WR,15,0,5,4,80.0%,34,8.5,0,2,60.0,16,6.8,0.3,2.3,3,RobeAn00
388,Jamycal Hasty,SFO,24,RB,8,0,8,7,87.5%,33,4.7,0,0,25.0,16,4.1,0.9,4.1,1,HastJa02
389,Nick Westbrook-Ikhine,TEN,23,WR,14,1,8,3,37.5%,33,11.0,0,3,25.0,19,4.1,0.2,2.4,0,WestNi00
390,Terry Godwin,JAX,24,WR,3,0,6,3,50.0%,32,10.7,0,2,50.0,21,5.3,1.0,10.7,0,GodwTe00
391,Seth Roberts,CAR,29,WR,7,1,6,4,66.7%,31,7.8,0,2,50.0,12,5.2,0.6,4.4,0,RobeSe00
392,Daniel Brown,NYJ,28,WR,16,1,2,2,100.0%,31,15.5,0,2,100.0,18,15.5,0.1,1.9,0,BrowDa04
393,DeAndre Washington,2TM,27,RB,4,1,10,5,50.0%,30,6.0,0,2,40.0,10,3.0,1.3,7.5,0,WashDe00
394,Trayveon Williams,CIN,23,RB,10,0,5,5,100.0%,30,6.0,0,1,60.0,13,6.0,0.5,3.0,1,WillTr06
395,Marlon Mack,IND,24,RB,1,1,3,3,100.0%,30,10.0,0,1,66.7,19,10.0,3.0,30.0,0,MackMa00
396,Josh Adams,NYJ,24,RB,8,0,8,6,75.0%,29,4.8,0,2,50.0,11,3.6,0.8,3.6,0,AdamJo03
397,Isaiah Zuber,NWE,23,WR,4,0,2,2,100.0%,29,14.5,0,1,50.0,16,14.5,0.5,7.3,0,ZubeIs00
398,Phillip Lindsay,DEN,26,RB,11,8,14,7,50.0%,28,4.0,0,1,28.6,11,2.0,0.6,2.5,0,LindPh00
399,Michael Burton,NOR,28,RB,15,4,4,4,100.0%,28,7.0,0,1,75.0,12,7.0,0.3,1.9,0,BurtMi00
400,Austin Carr,NOR,27,WR,6,0,4,3,75.0%,27,9.0,1,3,75.0,11,6.8,0.5,4.5,0,CarrAu00
401,Ty Montgomery,NOR,27,WR,6,1,6,3,50.0%,27,9.0,0,1,16.7,17,4.5,0.5,4.5,0,MontTy01
402,Darrynton Evans,TEN,22,RB,5,0,4,2,50.0%,27,13.5,1,2,50.0,24,6.8,0.4,5.4,0,EvanDa02
403,Austin Walter,SFO,24,RB,4,0,1,1,100.0%,27,27.0,0,1,100.0,27,27.0,0.3,6.8,0,WaltAu00
404,Diontae Spencer,DEN,28,WR,11,0,6,3,50.0%,26,8.7,0,1,50.0,10,4.3,0.3,2.4,2,SpenDi00
405,Dominique Dafney,GNB,23,TE,5,2,2,2,100.0%,26,13.0,1,2,100.0,13,13.0,0.4,5.2,0,DafnDo00
406,Zeke Turner,ARI,24,DB,16,0,1,1,100.0%,26,26.0,0,1,0.0,26,26.0,0.1,1.6,0,TurnZe00
407,Corey Clement,PHI,26,RB,15,0,6,5,83.3%,25,5.0,0,2,66.7,12,4.2,0.3,1.7,0,ClemCo00
408,Gabe Nabers,LAC,23,FB,16,5,7,5,71.4%,25,5.0,2,2,57.1,9,3.6,0.3,1.6,0,NabeGa00
409,Jaeden Graham,ATL,25,TE,16,0,5,3,60.0%,25,8.3,0,1,40.0,11,5.0,0.2,1.6,0,GrahJa01
410,Daurice Fountain,IND,25,WR,5,0,3,2,66.7%,23,11.5,0,2,66.7,12,7.7,0.4,4.6,0,FounDa00
411,Jake Kumerow,BUF,28,WR,6,0,1,1,100.0%,22,22.0,1,1,100.0,22,22.0,0.2,3.7,0,KumeJa00
412,T.J. Yeldon,BUF,27,RB,3,0,4,1,25.0%,22,22.0,1,1,25.0,22,5.5,0.3,7.3,1,YeldT.00
413,Jonathan Williams,DET,26,RB,5,0,4,4,100.0%,21,5.3,0,2,75.0,10,5.3,0.8,4.2,1,WillJo07
414,AJ Dillon,GNB,22,RB,11,0,2,2,100.0%,21,10.5,0,1,100.0,16,10.5,0.2,1.9,0,DillAJ00
415,Tavon Austin,GNB,30,WR,4,0,5,5,100.0%,20,4.0,0,1,60.0,7,4.0,1.3,5.0,1,AustTa00
416,Justice Hill,BAL,23,RB,12,0,5,5,100.0%,20,4.0,0,0,20.0,8,4.0,0.4,1.7,0,HillJu00
417,Antonio Callaway,MIA,23,WR,5,1,4,2,50.0%,20,10.0,0,1,50.0,13,5.0,0.4,4.0,0,CallAn00
418,Elijhaa Penny,NYG,27,RB,14,0,3,2,66.7%,20,10.0,0,1,66.7,11,6.7,0.1,1.4,0,PennEl00
419,Antonio Williams,BUF,23,RB,1,0,1,1,100.0%,20,20.0,0,1,100.0,20,20.0,1.0,20.0,0,WillAn03
420,Deontay Burnett,PHI,23,WR,2,0,4,3,75.0%,19,6.3,0,1,50.0,10,4.8,1.5,9.5,0,BurnDe00
421,Alfred Morris,NYG,32,RB,9,0,4,3,75.0%,19,6.3,1,2,75.0,9,4.8,0.3,2.1,0,MorrAl00
422,Alex Armah,CAR,26,FB,16,1,9,5,55.6%,18,3.6,0,1,22.2,14,2.0,0.3,1.1,0,ArmaAl00
423,C.J. Prosise,HOU,26,RB,10,0,5,5,100.0%,18,3.6,1,1,40.0,10,3.6,0.5,1.8,1,ProsC.00
424,Reggie Bonnafon,CAR,24,RB,2,0,2,2,100.0%,18,9.0,1,2,100.0,15,9.0,1.0,9.0,0,BonnRe00
425,John Ross,CIN,25,WR,3,1,7,2,28.6%,17,8.5,0,1,14.3,15,2.4,0.7,5.7,0,RossJo00
426,Josh Malone,NYJ,24,WR,4,0,6,4,66.7%,16,4.0,0,1,16.7,13,2.7,1.0,4.0,0,MaloJo00
427,Trenton Cannon,CAR,26,RB,14,0,3,3,100.0%,16,5.3,0,1,33.3,19,5.3,0.2,1.1,0,CannTr00
428,Dalton Keene,NWE,21,TE,6,0,5,3,60.0%,16,5.3,0,0,40.0,8,3.2,0.5,2.7,1,KeenDa00
429,Eric Saubert,JAX,26,TE,8,4,4,3,75.0%,16,5.3,0,0,25.0,9,4.0,0.4,2.0,0,SaubEr00
430,Reggie Gilliam,BUF,23,FB,14,0,2,2,100.0%,16,8.0,1,2,100.0,15,8.0,0.1,1.1,0,GillRe00
431,Colby Parkinson,SEA,21,TE,6,0,2,2,100.0%,16,8.0,0,2,100.0,10,8.0,0.3,2.7,0,ParkCo02
432,Jaleel Scott,NYJ,25,WR,1,1,1,1,100.0%,16,16.0,0,1,100.0,16,16.0,1.0,16.0,0,ScotJa02
433,Donte Moncrief,NWE,27,WR,6,0,2,1,50.0%,15,15.0,0,1,50.0,15,7.5,0.2,2.5,0,MoncDo00
434,D'Ernest Johnson,CLE,24,RB,16,0,4,3,75.0%,14,4.7,0,0,0.0,5,3.5,0.2,0.9,1,JohnDE04
435,Derek Carrier,LVR,30,TE,16,0,1,1,100.0%,14,14.0,0,1,100.0,14,14.0,0.1,0.9,0,CarrDe00
436,James Proche,BAL,24,WR,14,0,3,1,33.3%,14,14.0,0,1,33.3,14,4.7,0.1,1.0,0,ProcJa00
437,Andy Janovich,CLE,27,RB,14,3,5,2,40.0%,13,6.5,0,1,20.0,13,2.6,0.1,0.9,0,JanoAn00
438,Keith Kirkwood,CAR,26,WR,1,0,2,1,50.0%,13,13.0,0,0,0.0,13,6.5,1.0,13.0,0,KirkKe00
439,Siran Neal,BUF,26,DB,16,0,1,1,100.0%,13,13.0,0,1,0.0,13,13.0,0.1,0.8,0,NealSi00
440,Vyncint Smith,NYJ,24,WR,7,0,3,1,33.3%,13,13.0,0,1,33.3,13,4.3,0.1,1.9,0,SmitVy00
441,Peyton Barber,WAS,26,RB,16,2,7,4,57.1%,12,3.0,0,1,28.6,7,1.7,0.3,0.8,0,BarbPe01
442,Josh Allen*,BUF,24,QB,16,16,1,1,100.0%,12,12.0,1,1,100.0,12,12.0,0.1,0.8,9,AlleJo02
443,Josiah Deguara,GNB,23,TE,2,1,2,1,50.0%,12,12.0,0,1,50.0,12,6.0,0.5,6.0,0,DeguJo00
444,Cody Hollister,TEN,27,WR,2,0,1,1,100.0%,12,12.0,0,1,100.0,12,12.0,0.5,6.0,0,HollCo00
445,Blake Jarwin,DAL,26,TE,1,1,1,1,100.0%,12,12.0,0,1,100.0,12,12.0,1.0,12.0,0,JarwBl00
446,Luke Willson,2TM,30,TE,8,0,3,1,33.3%,12,12.0,0,0,0.0,12,4.0,0.1,1.5,0,WillLu00
447,Bennie Fowler,NOR,29,WR,5,0,6,2,33.3%,11,5.5,0,1,16.7,7,1.8,0.4,2.2,0,FowlBe00
448,Stephen Carlson,CLE,24,TE,16,2,2,1,50.0%,11,11.0,0,1,50.0,11,5.5,0.1,0.7,0,CarlSt00
449,Marcus Kemp,2TM,25,WR,11,0,1,1,100.0%,11,11.0,0,1,100.0,11,11.0,0.1,1.0,0,KempMa00
450,Dak Prescott,DAL,27,QB,5,5,1,1,100.0%,11,11.0,1,1,100.0,11,11.0,0.2,2.2,3,PresDa01
451,Jonathan Ward,ARI,23,RB,14,0,1,1,100.0%,11,11.0,1,1,100.0,11,11.0,0.1,0.8,0,WardJo00
452,Mike Boone,MIN,25,RB,16,0,2,2,100.0%,10,5.0,0,0,100.0,6,5.0,0.1,0.6,0,BoonMi00
453,Gehrig Dieter,KAN,27,WR,4,0,2,1,50.0%,10,10.0,0,1,50.0,10,5.0,0.3,2.5,0,DietGe00
454,Ben Ellefson,JAX,24,TE,7,4,4,1,25.0%,10,10.0,0,1,25.0,10,2.5,0.1,1.4,0,ElleBe00
455,Temarrick Hemingway,WAS,27,TE,8,0,2,1,50.0%,10,10.0,0,1,50.0,10,5.0,0.1,1.3,0,HemiTe00
456,Chandler Cox,MIA,24,RB,8,3,2,2,100.0%,9,4.5,0,1,100.0,6,4.5,0.3,1.1,0,CoxxCh01
457,Nick Bellore*,SEA,31,LB,16,0,1,1,100.0%,9,9.0,0,1,100.0,9,9.0,0.1,0.6,0,BellNi01
458,Jason Cabinda,DET,24,LB,16,2,3,2,66.7%,8,4.0,0,1,33.3,4,2.7,0.1,0.5,0,CabiJa00
459,DeAndre Carter,2TM,27,WR,13,0,2,1,50.0%,8,8.0,0,0,50.0,8,4.0,0.1,0.6,2,CartDe02
460,D.J. Foster,ARI,27,WR,10,0,1,1,100.0%,7,7.0,0,1,100.0,7,7.0,0.1,0.7,0,FostD.01
461,Scottie Phillips,HOU,23,RB,8,0,1,1,100.0%,7,7.0,0,0,100.0,7,7.0,0.1,0.9,0,PhilSc01
462,Colin Thompson,CAR,27,TE,15,4,2,1,50.0%,7,7.0,1,1,50.0,7,3.5,0.1,0.5,0,ThomCo03
463,Lamar Miller,CHI,29,RB,1,0,2,2,100.0%,6,3.0,0,1,50.0,7,3.0,2.0,6.0,0,MillLa01
464,Brandon Dillon,MIN,23,TE,3,0,1,1,100.0%,6,6.0,0,0,0.0,6,6.0,0.3,2.0,0,DillBr00
465,Cullen Gillaspia,HOU,25,RB,7,0,1,1,100.0%,6,6.0,0,0,0.0,6,6.0,0.1,0.9,0,GillCu00
466,Baker Mayfield,CLE,25,QB,16,16,1,1,100.0%,6,6.0,0,1,100.0,6,6.0,0.1,0.4,8,MayfBa00
467,Jeremy Sprinkle,WAS,26,TE,16,6,3,1,33.3%,6,6.0,0,0,33.3,6,2.0,0.1,0.4,0,SpriJe00
468,Jake Butt,DEN,25,TE,5,1,4,2,50.0%,5,2.5,0,0,0.0,5,1.3,0.4,1.0,0,ButtJa00
469,LeVante Bellamy,DEN,24,RB,5,0,1,1,100.0%,5,5.0,0,0,100.0,5,5.0,0.2,1.0,0,BellLe02
470,D'Onta Foreman,TEN,24,RB,6,0,1,1,100.0%,5,5.0,1,1,100.0,5,5.0,0.2,0.8,0,ForeDO00
471,Trenton Irwin,CIN,25,WR,1,0,2,1,50.0%,5,5.0,0,0,50.0,5,2.5,1.0,5.0,0,IrwiTr00
472,Tommylee Lewis,NOR,28,WR,5,0,3,1,33.3%,5,5.0,0,0,0.0,5,1.7,0.2,1.0,0,LewiTo00
473,Anthony Sherman,KAN,32,RB,13,1,2,1,50.0%,5,5.0,1,1,50.0,5,2.5,0.1,0.4,0,SherAn00
474,Trevon Wesco,NYJ,25,TE,12,4,2,1,50.0%,5,5.0,0,0,50.0,5,2.5,0.1,0.4,0,WescTr00
475,Alex Collins,SEA,26,RB,3,1,2,1,50.0%,4,4.0,0,0,50.0,4,2.0,0.3,1.3,0,CollAl00
476,Bobby Massie,CHI,31,RT,8,8,1,1,100.0%,4,4.0,0,1,100.0,4,4.0,0.1,0.5,0,MassBo00
477,J.J. Taylor,NWE,22,RB,6,0,2,1,50.0%,4,4.0,0,0,50.0,4,2.0,0.2,0.7,0,TaylJJ01
478,Dede Westbrook,JAX,27,WR,2,0,1,1,100.0%,4,4.0,0,0,100.0,4,4.0,0.5,2.0,1,WestDe00
479,Jason Croom,PHI,26,TE,4,0,1,1,100.0%,3,3.0,1,1,100.0,3,3.0,0.3,0.8,0,CrooJa00
480,Antonio Gandy-Golden,WAS,22,WR,6,2,7,1,14.3%,3,3.0,0,0,0.0,3,0.4,0.2,0.5,0,GandAn00
481,Penny Hart,SEA,24,WR,13,0,1,1,100.0%,3,3.0,0,0,0.0,3,3.0,0.1,0.2,0,HartPe01
482,Buddy Howell,HOU,24,RB,14,0,2,1,50.0%,3,3.0,0,0,0.0,3,1.5,0.1,0.2,0,HoweGr00
483,Jalen Hurts,PHI,22,QB,15,4,1,1,100.0%,3,3.0,0,0,0.0,3,3.0,0.1,0.2,9,HurtJa00
484,Isaac Nauta,DET,23,TE,7,0,2,1,50.0%,3,3.0,0,0,0.0,3,1.5,0.1,0.4,0,NautIs00
485,Craig Reynolds,JAX,24,RB,2,0,1,1,100.0%,3,3.0,0,0,0.0,3,3.0,0.5,1.5,0,ReynCr00
486,Jordan Thomas,2TM,24,TE,6,0,2,1,50.0%,3,3.0,1,1,50.0,3,1.5,0.2,0.5,0,ThomJo05
487,Marcus Baugh,WAS,26,TE,8,1,1,1,100.0%,2,2.0,0,0,0.0,2,2.0,0.1,0.3,0,BaugMa02
488,Eric Fisher*,KAN,29,LT,15,15,1,1,100.0%,2,2.0,1,1,100.0,2,2.0,0.1,0.1,0,FishEr00
489,Dontrell Hilliard,2TM,25,RB,7,0,1,1,100.0%,2,2.0,0,0,0.0,2,2.0,0.1,0.3,0,HillDo00
490,Adrian Killins,PHI,22,RB,1,0,1,1,100.0%,2,2.0,0,0,0.0,2,2.0,1.0,2.0,0,KillAd00
491,Bruce Miller,JAX,33,FB,8,5,2,1,50.0%,2,2.0,0,1,50.0,2,1.0,0.1,0.3,0,MillBr02
492,Kendall Lamm,CLE,28,T,15,1,1,1,100.0%,1,1.0,1,1,100.0,1,1.0,0.1,0.1,0,LammKe00
493,Ryan Fitzpatrick,MIA,38,QB,9,7,1,1,100.0%,0,0.0,0,0,0.0,0,0.0,0.1,0.0,2,FitzRy00
494,Jason Huntley,PHI,22,RB,5,0,2,1,50.0%,0,0.0,0,0,0.0,0,0.0,0.2,0.0,0,HuntJa01
495,Gardner Minshew II,JAX,24,QB,9,8,1,1,100.0%,0,0.0,0,0,0.0,0,0.0,0.1,0.0,5,MinsGa00
496,Ryan Tannehill,TEN,32,QB,16,16,1,1,100.0%,0,0.0,0,0,0.0,0,0.0,0.1,0.0,6,TannRy00
497,Brandon Allen,CIN,28,QB,5,5,1,0,0.0%,0,,0,0,0.0,0,0.0,0.0,0.0,1,AlleBr00
498,Antony Auclair,TAM,27,TE,8,2,1,0,0.0%,0,,0,0,0.0,0,0.0,0.0,0.0,,AuclAn00
499,Jeff Badet,WAS,26,WR,3,0,1,0,0.0%,0,,0,0,0.0,0,0.0,0.0,0.0,,BadeJe00
500,Kenjon Barner,TAM,31,RB,6,0,1,0,0.0%,0,,0,0,0.0,0,0.0,0.0,0.0,0,BarnKe00
501,Aaron Brewer,TEN,23,C,12,1,1,0,0.0%,0,,0,0,0.0,0,0.0,0.0,0.0,,BrewAa01
502,Hakeem Butler,PHI,24,WR,2,0,1,0,0.0%,0,,0,0,0.0,0,0.0,0.0,0.0,,ButlHa00
503,Tyler Davis,JAX,23,TE,8,0,2,0,0.0%,0,,0,0,0.0,0,0.0,0.0,0.0,,DaviTy02
504,Seth Devalve,ARI,27,TE,4,0,1,0,0.0%,0,,0,0,0.0,0,0.0,0.0,0.0,0,DevaSe00
505,Rico Gafford,LVR,24,DB,3,0,2,0,0.0%,0,,0,0,0.0,0,0.0,0.0,0.0,0,GaffRi00
506,Nick Gates,NYG,25,C,16,16,1,0,0.0%,0,,0,0,0.0,0,0.0,0.0,0.0,,GateNi00
507,C.J. Goodwin,DAL,30,DB,16,0,1,0,0.0%,0,,0,0,0.0,0,0.0,0.0,0.0,0,GoodC.00
508,Cyril Grayson,TAM,27,WR,3,0,3,0,0.0%,0,,0,0,0.0,0,0.0,0.0,0.0,0,GrayCy01
509,Jerald Hawkins,PIT,27,T,13,0,1,0,0.0%,0,,0,0,0.0,0,0.0,0.0,0.0,,HawkJe00
510,J.P. Holtz,CHI,27,TE,16,1,1,0,0.0%,0,,0,0,0.0,0,0.0,0.0,0.0,0,HoltJ.01
511,Taiwan Jones,BUF,32,RB,13,0,2,0,0.0%,0,,0,0,0.0,0,0.0,0.0,0.0,,JoneTa00
512,Patrick Mahomes*,KAN,25,QB,15,15,2,0,0.0%,0,,0,0,0.0,0,0.0,0.0,0.0,5,MahoPa00
513,Kevin Rader,PIT,25,TE,1,1,1,0,0.0%,0,,0,0,0.0,0,0.0,0.0,0.0,,RadeKe00
514,Joe Reed,LAC,22,WR,11,0,1,0,0.0%,0,,0,0,0.0,0,0.0,0.0,0.0,0,ReedJo03
515,Mason Schreck,CIN,27,TE,14,1,1,0,0.0%,0,,0,0,0.0,0,0.0,0.0,0.0,,SchrMa00
516,Ricky Seals-Jones,KAN,25,WR,2,0,1,0,0.0%,0,,0,0,0.0,0,0.0,0.0,0.0,,SealRi00
517,Tajae Sharpe,MIN,26,WR,4,0,3,0,0.0%,0,,0,0,0.0,0,0.0,0.0,0.0,,SharTa00
518,Matthew Stafford,DET,32,QB,16,16,1,0,0.0%,0,,0,0,0.0,0,0.0,0.0,0.0,2,StafMa00
519,Taywan Taylor,CLE,25,WR,3,0,1,0,0.0%,0,,0,0,0.0,0,0.0,0.0,0.0,,TaylTa00
520,Noah Togiai,IND,23,TE,4,0,1,0,0.0%,0,,0,0,0.0,0,0.0,0.0,0.0,,TogiNo00
521,Eric Tomlinson,2TM,28,TE,7,2,1,0,0.0%,0,,0,0,0.0,0,0.0,0.0,0.0,,TomlEr01
522,P.J. Walker,CAR,25,QB,4,1,1,0,0.0%,0,,0,0,0.0,0,0.0,0.0,0.0,1,WalkPh00
523,Andy Dalton,DAL,33,QB,11,9,1,1,100.0%,-3,-3.0,0,0,0.0,-3,-3.0,0.1,-0.3,2,DaltAn00
524,Jordan Howard,2TM,26,RB,7,4,1,1,100.0%,-3,-3.0,0,0,0.0,0,-3.0,0.1,-0.4,1,HowaJo00
525,Aaron Rodgers*+,GNB,37,QB,16,16,1,1,100.0%,-6,-6.0,0,0,0.0,-6,-6.0,0.1,-0.4,4,RodgAa00